{
  "waves": [
    {
      "phase": 0.125,
      "color": {
        "r": 113,
        "b": 253,
        "g": 177
      },
      "amp": 1,
      "phaseInc": 0.013089969754219055,
      "freq": 98304,
      "index": 0,
      "cycles": 1,
      "dc": 0
    },
    {
      "phase": 0.125,
      "color": {
        "r": 209,
        "b": 69,
        "g": 146
      },
      "amp": 1,
      "phaseInc": 0.013089969754219055,
      "freq": 98304,
      "index": 1,
      "cycles": 1,
      "dc": 0
    }
  ],
  "blendFactor": 0.7875000238418579,
  "comments": "98304 Hz (384 * 64 * 4)",
  "filename": "t341.mp4",
  "stop": 1200,
  "dataFormat": 2,
  "scanner": 2,
  "scaleHisto": false,
  "histoHigh": 233,
  "histoLow": 8,
  "steps": 480,
  "gamma": 1.399999976158142
}