{
  "waves": [
    {
      "phase": 0,
      "color": {
        "r": 159,
        "b": 251,
        "g": 190
      },
      "amp": 0.800000011920929,
      "phaseInc": 0.02617993950843811,
      "freq": 768,
      "index": 0,
      "cycles": 1,
      "dc": 0
    },
    {
      "phase": 0,
      "color": {
        "r": 209,
        "b": 117,
        "g": 178
      },
      "amp": 0.800000011920929,
      "phaseInc": 0.05235987901687622,
      "freq": 192,
      "index": 1,
      "cycles": 2,
      "dc": 0
    }
  ],
  "blendFactor": 0.800000011920929,
  "comments": "---",
  "filename": "motion_study.mp4",
  "stop": 240,
  "dataFormat": 2,
  "scaleHisto": false,
  "histoHigh": 254,
  "histoLow": 1,
  "steps": 240,
  "gamma": 1
}